H10N,Šimon Kolář,HOR0400,,019.24
H10N,Daniel Bolehovský,EKP0508,,034.12
H10N,Matěj Pavelec,NPA0501,,085.02
H10C,Štěpán Kožina,PGP0300,,033.38
H10C,Stanislaw Pachnik,STB0303,,033.39
H12A,Medard Féder,1630427,,032.32
H12A,Jan Rücker,HOR0201,,049.56
H12A,Michal Pierzchala,850202,,050.50
H12A,Augusts Velde,1550397,,060.09
H12A,Noah Poland,2670742,,067.18
H12A,Vít Štefan,STH0202,,067.19
H12A,Hugo Hankovec,KAM0201,,085.23
H12A,Štěpán Šimek,UOL0104,,086.17
H12A,Otto Balck,VPO0300,,088.26
H12A,Dominik Urban,STH0204,,098.09
H12A,David Bradáč,LLI0203,,125.23
H12A,Michal Schenk,1240297,,146.39
H12B,Jan Kundrata,JZL0201,,024.55
H12B,Hugo Pohořalý,ROU0103,,031.20
H12B,Vojtěch Pobuda,SJH0302,,040.20
H12B,Michal Bolehovský,EKP0200,,059.42
H12B,Daniel Locker,SRK0200,,075.46
H12B,Jan Kučera,PHK0100,,102.50
H14A,Ota Škvor,KAM9900,,029.49
H14A,Michael Svoboda,TJH9901,,037.46
H14A,Tomáš Křivda,CHC9901,,038.46
H14A,Einar Melsom,2890814,,040.57
H14A,Jonáš Fencl,LPU9902,,043.07
H14A,Ondřej Volák,BRU0006,,052.10
H14A,Martin Roudný,LPU0002,,053.45
H14A,Vít Horčička,UOL9919,,057.21
H14A,Jan Rusin,BRU0001,,058.55
H14A,Tobias Micko,2270634,,058.58
H14A,Metoděj Mašata,PHK9905,,062.07
H14A,Mikko Eerola,3200877,,065.32
H14A,Petr Kašpar,SSU9911,,065.55
H14A,Mykyta Zviagin,2800793,,066.13
H14A,Michal Bořánek,STE0007,,073.14
H14A,Matěj Višňa,DKP9904,,074.42
H14A,Michal Šklíba,SRK9900,,075.04
H14A,Konstantyn Seleznov,2800789,,075.38
H14A,Petr Melichar,LLI0001,,076.32
H14A,Jan Ritter,3830994,,082.23
H14A,Nico Weiß,3831002,,082.28
H14A,Andrej Dubovský,1630430,,102.19
H14A,Jakub Bradáč,LLI0002,,110.41
H14A,Bartłomiej Janowski,810180,,120.48
H14A,Václav Roudný,LPU0001,,123.34
H14A,Florian Nestelberger,3831000,,124.49
H14A,Jakub Schenk,1240296,,140.20
H14A,Rafael Stadlober,3830996,,142.04
H14A,Jindřich Konvalinka,LPU0004,,166.31
H14B,Tomáš Thoř,TUV9903,,028.57
H14B,Viktor Janečka,JPV9917,,078.55
H16A,Simon Hector,3330904,,036.42
H16A,Otakar Hirš,VBM9801,,056.42
H16A,Teemu Eerola,3200876,,057.35
H16A,Lukáš Matějka,LTP9802,,059.12
H16A,Dominik Frýba,SJI9702,,064.51
H16A,Fleury Roux,3481053,,068.09
H16A,Jan Bendák,LTU9801,,068.16
H16A,Marcin Wieczorek,STB9701,,068.36
H16A,Antonín Semerád,DKP9801,,069.16
H16A,Ondřej Vystavěl,JPV9807,,072.12
H16A,Vojtěch Melichar,LLI9802,,072.14
H16A,Filip Wolf,TUR9701,,073.14
H16A,Jan Bořil,SJI9700,,074.33
H16A,Pranas Germanavicius,1550400,,077.26
H16A,Edvinas Staisiunas,1550398,,077.34
H16A,Andrea Melioli,3290894,,079.26
H16A,Vojtěch Sýkora,LCE9801,,079.28
H16A,Josef Kočí,JPV9824,,079.29
H16A,Vít Koštejn,DOK9800,,080.25
H16A,Ondřej Sedláček,HLV9732,,089.11
H16A,Fryderyk Pryjma,810185,,089.21
H16A,Patrik Ptáček,BBM9800,,096.20
H16A,Samuele Tait,3290893,,102.32
H16A,Jan Cienciala,TRI9801,,104.34
H16A,Jan Rutka,850203,,105.07
H16A,Jaromír Mielec,AOV9701,,108.51
H16A,Kyrylo Barannyk,2800784,,119.33
H16A,Tomáš Locker,SRK9802,,119.37
H16A,Wojtek Mossakowski,810186,,120.00
H16A,Jiří Valášek,KAM9700,,133.24
H16B,Paulius Janusauskas,1550403,,043.45
H16B,Martin Krenn,3830999,,071.06
H16B,Ludvík Kašpar,BOR9805,,071.13
H16B,Šimon Peřinka,BBM9700,,071.24
H16B,Clemens Loidolt,3830993,,085.25
H16B,Andreas Zechner,3831005,,098.52
H18A,Vojtěch Kettner,KAM9601,,043.29
H18A,Oskar Sandberg,2920826,,049.34
H18A,Arnaud Perrin,3481050,,049.43
H18A,Vojtěch Illner,DKP9600,,054.39
H18A,Martynas Germanavicius,1550402,,058.11
H18A,Jakub Veselý,PGP9503,,061.58
H18A,Bartlomiej Szeliga,STB9601,,062.30
H18A,Jakub Glonek,AOV9602,,070.23
H18A,David Hector,3330903,,072.14
H18A,Patrik Horák,TUR9502,,072.37
H18A,Pavel Ptáček,BBM9600,,073.04
H18A,Vojtěch Vacek,SJI9602,,073.05
H18A,Štěpán Mudrák,LCE9601,,075.32
H18A,Sigurd Melsom,2890815,,075.47
H18A,Jonáš Hubáček,LCE9501,,087.45
H18A,Aidan Dawson,2880813,,099.25
H18A,Jan Slíva,LCE9602,,100.20
H18A,Szymon Pałka,1440765,,101.11
H18A,Jan Jurica,LPU9611,,108.37
H18A,Ondřej Vaniš,TJN9500,,116.07
H18A,Matouš Fürst,LLI9603,,120.28
H18A,Stanislav Nejman,CHA9500,,129.30
H18B,Radim Fajkus,JPV9509,,040.29
H18B,Mateusz Janowski,810179,,078.16
H20A,Petr Horvát,ASU9447,,050.48
H20A,Lukáš Kettner,KAM9403,,053.38
H20A,Stefan Frands Petersen,3961029,,061.14
H20A,Corentin Roux,3481049,,063.40
H20A,Henrik Rindom,3951027,,067.35
H20A,Ondřej Mokrý,ABM9410,,072.56
H20A,Tobias Karlsmose Svarer,3941026,,082.08
H20A,Antoine Stéphany,3380919,,082.53
H20A,Štěpán Obrátil,ABM9409,,091.22
H20A,Tomasz Jurczyk,2080557,,092.19
H20A,Ondřej Pova,KRL9304,,096.47
H20A,Jan Valášek,KAM9400,,108.11
H20A,Tomáš Rusý,KAM9301,,108.13
H20A,Pavel Klaška,DKP9301,,119.25
H20A,William Miller,1230669,,123.03
H20A,Maxime Rauturier,3380916,,135.19
H20A,Michał Kordala,1440764,,142.00
H20A,Daniel Šlajs,KRL9403,,152.17
H20A,Lukas Teller,2530713,,152.18
H20A,Marek Uhlíř,LBE9400,,172.45
H21E,Bartosz Pawlak,2911092,,068.21
H21E,Martin Janata,DKP8306,,068.25
H21E,Pavel Hradec,TUR8801,,074.02
H21E,Alexander Minakov,3650963,,078.53
H21E,Jakub Škoda,VLI8800,,081.55
H21E,Jesper Lysell,3130860,,086.30
H21E,Yury Masnyy,OMC,,086.33
H21E,Rafał Podziński,1440367,,086.35
H21E,Palo Bukovac,ZBM8101,,086.37
H21E,Jan Grundmann,LPU9410,,089.50
H21E,Jan Klapal,LPU9006,,091.00
H21E,Damian Konotopetz,4241068,,095.16
H21E,Joly François,3991032,,095.21
H21E,Stanislav Mokrý,ABM9202,,098.10
H21E,Vít Bravený,ZBM9102,,108.24
H21E,Łukasz Charuba,1440366,,109.50
H21E,Oleksii Asmolov,2800780,,109.52
H21E,Dominik Chudzik,1440368,,117.04
H21E,Martin Luštický,HOR8700,,118.12
H21E,Aleš Drahokoupil,CHT8501,,118.37
H21E,Jan Kolín,DKP7701,,124.10
H21E,Jiří Zelinka,MBM8740,,128.34
H21E,Martin Vlček,TUR8702,,130.22
H21E,Martin Váňa,TUR8401,,136.05
H21E,Jan Zháňal,ZBM8721,,141.09
H21E,Ondřej Novotný,ABM9211,,150.37
H21E,Benoit Rauturier,3380917,,159.48
H21E,Tadeusz Piłkowski,2250619,,171.34
H21E,Petr Fiala,LPU8701,,184.48
H21E,Petr Hostaš,TUR9001,,188.21
H21A,Tomáš Zakouřil,TUV7500,,061.54
H21A,Jiří Novák,NPA7502,,062.07
H21A,Tomáš Janovský,PGP6401,,072.55
H21A,Martin Janda,DOB8002,,075.16
H21A,Jiří Otrusina,JPV8201,,076.56
H21A,Petr Kadavý,CHA7800,,083.09
H21A,Radim Hošek,DOB8737,,083.35
H21A,Martin Kočí,VBM8702,,093.20
H21A,Jan Fátor,DOB7907,,093.26
H21A,Mazal Zdeněk,VBM8103,,100.43
H21A,Franciszek Galla,STB9100,,103.33
H21A,Tomáš Leštínský,DOB7801,,104.02
H21A,Jiří Doucha,SNA7105,,105.30
H21A,Jan Picek,TJN9101,,105.56
H21A,Petr Přikryl,ABM6708,,106.33
H21A,Zdeněk Novák,NPA7701,,115.36
H21A,Stefan Schwarzenberger,3070850,,122.28
H21A,Jaroslav Tomeš,DKP8109,,130.47
H21A,Andreas Grote,2790779,,132.23
H21A,Michal Klapal,VAM8802,,153.53
H21A,Marek Záveský,CET9001,,165.24
H21A,Piotr Dragowski,2250838,,167.29
H21A,Dieter Coen,4021037,,174.28
H21A,Konrad Bartnik,PLF,,195.12
H21B,Oleg Kolosov,,,063.34
H21B,Jan Fukátko,LPU8105,,066.41
H21B,Slávek Albl,LME7600,,072.35
H21B,Bohumil Sýkora,CHC8601,,073.17
H21B,Martin Hrouda,FSP7612,,097.29
H21B,Jan Pavelka,MBM8500,,097.35
H21B,Michal Šrubař,MBM8606,,097.37
H21B,Tomáš Chrást,STH7401,,103.06
H21B,Václav Klomínský,KPY8700,,105.29
H21B,Josef Petr,VLI6300,,105.31
H21B,Róbert Kopasz,2770770,,112.21
H21B,Arnošt Komárek,TJH7701,,127.50
H21B,Vít Suchomel,MBM8448,,129.33
H21B,Pavel Kořan,VBM7401,,129.55
H21B,Jiří Cupák,VRL7201,,132.24
H21B,Peter Gyurcsik,2810796,,154.11
H21C,Filip Ostřanský,ASU9243,,057.05
H21C,Jakub Svoboda,ROU9301,,091.45
H21C,Jan Ryjáček,LPM8004,,120.25
H21C,Matěj Horáček,TUV8501,,147.11
H21C,Ben Parson,,,164.25
H35A,Edi Ocvirk,450095,,064.22
H35A,Pavel Bolehovský,EKP7103,,089.34
H35A,Marián Mikluš,1240283,,097.23
H35A,Robert Binar,UOL7500,,110.03
H35A,Gabriel Sabou,990249,,114.12
H35A,Petr Horčička,UOL7007,,144.49
H35A,Plamen Jordanov,981063,,166.24
H35A,František Peterka,TJP4900,,169.24
H35A,Marek Kůstka,VIC6403,,171.45
H35A,Jaroslav Choutka,SOB6301,,179.19
H35A,Daniel Chmelař,VIC7212,,182.20
H35B,Jan Šklíba,SRK7501,,053.02
H35B,Martin Locker,SRK7001,,056.45
H35B,Arvydas Rutkauskas,1550392,,065.00
H35B,Luděk Odehnal,ADA7401,,066.39
H35B,Pavel Volák,BRU7001,,069.01
H35B,Tomáš Žitný,SMB6401,,103.13
H35B,Jan Václavek,LPU7816,,131.12
H40A,Nándor Borbás,2770776,,046.48
H40A,Libor Filip,SRK7101,,047.09
H40A,Kamil Arnošt,VSP7301,,051.43
H40A,Justas Budriunas,1550394,,065.40
H40A,Július Porubský,540116,,090.29
H40A,Dariusz Pachnik,STB6901,,109.23
H40A,Jaroslav Kašpar,SSU7004,,123.10
H40A,Krasimir Kolev,980239,,158.26
H40A,Artur Staszak,850987,,180.37
H40B,Jan Fiala,BBM7205,,042.32
H40B,Jan Beneš,SJH7001,,077.50
H40B,Martin Šritr,TUV6802,,087.01
H40B,Jiří Funda,API6401,,087.22
H40B,Martin Kubec,DOB7002,,094.54
H40B,Stanislav Bradáč,LLI7201,,095.52
H40B,Pavel Kubičko,SJH7201,,099.10
H40B,Petr Kubičko,SJH6901,,120.09
H40B,Viktor Kolář,HOR7300,,123.48
H40B,Medard Féder,1630428,,137.40
H45A,Severi Eerola,3200880,,047.36
H45A,Martin Škvor,KAM6700,,048.17
H45A,Tim Falck Weber,3851007,,048.31
H45A,Pavel Ptáček,BBM6508,,073.33
H45A,Juraj Šmelík,1240288,,077.01
H45A,Jan Kaplan,LPU6401,,088.20
H45A,Marek Killar,LTU6801,,090.01
H45A,Per Sandberg,2920825,,091.33
H45A,Peter Heim,2720753,,095.51
H45A,Steve Doyle,2580720,,118.47
H45A,Aleš Fürst,LLI6801,,119.22
H45A,Roman Šimek,UOL6503,,125.29
H45A,Jose Bernardo,2820797,,126.41
H45A,Petr Višňa,DKP6602,,128.21
H45A,Petr Valach,LPU6505,,131.33
H45A,Terje Melsom,2890816,,140.12
H45A,Mladen Dzhuliev,980246,,142.16
H45A,Anders Edsen,2870808,,174.09
H45B,Arduini Corrado,3290892,,061.12
H45B,Jouko Skog,2150588,,077.26
H45B,Miroslav Hlava,KON6515,,082.22
H50A,Quentin Harding,3010835,,044.01
H50A,Martin Vávra,HOR6302,,070.06
H50A,Ladislav Grepl,KON6111,,072.06
H50A,Hannes Pacher,2270621,,077.48
H50A,Kjell Westin,2050548,,078.30
H50A,Per Einar Pedersli,NOR,,086.18
H50A,Jorgen Hector,3330905,,086.21
H50A,Petr Kožina,PGP6000,,087.23
H50A,Libor Hirš,VBM6000,,101.36
H50A,Pavel Veljačik,SCP6200,,101.48
H50A,Lubomír Hošek,VCB6101,,107.44
H50A,Václav Roudný,LPU6102,,107.52
H50A,Gerhard Kellner,2270625,,107.57
H50A,Pavel Kettner,HCE5900,,118.01
H50A,Alister Metherell,3520941,,138.03
H50A,Aleš Petráček,SJI6301,,139.46
H50A,Graham Watson,3010837,,155.44
H50B,Huber Andreas,3810988,,039.53
H50B,Jaroslav Korpas,LBM6113,,064.24
H50B,Milan Mazúr,1240293,,094.05
H50B,Pavel Vydra,PEN6200,,114.03
H50B,Dušan Formanko,1240301,,144.41
H55A,Geoff Lawford,820189,,039.00
H55A,Martin Škorpil,HOR5700,,040.46
H55A,Joachim Friessnig,2270640,,052.41
H55A,Zbigniew Hornik,4191060,,075.45
H55A,Dimitar Dimitrov,980248,,083.43
H55A,Stoyan Dachev,980247,,083.44
H55A,Tim Parson,1230754,,085.38
H55A,Josef Juřeník,MOV5201,,087.46
H55A,Jiří Gurka,TUV4601,,088.59
H55A,Boris Tichý,DOB5500,,093.50
H55A,Vladimír Jaroš,DCE5400,,095.49
H55A,Jan Knap,LPU5101,,097.46
H55A,Jiří Konopáč,TUR5803,,099.35
H55B,Vladimír Vícha,LPU5801,,054.23
H55B,Petr Klimpl,LPU5401,,080.23
H55B,Josef Vlček,TYN5602,,137.07
H60A,Oldřich Přinda,VLI5101,,044.19
H60A,Václav Farář,LPU5201,,053.41
H60A,Přemek Škoda,VLI5301,,053.52
H60A,Petr Jelínek,TZL4902,,062.49
H60A,Jiří Čípa,CET5002,,073.07
H60A,Josef Erlebach,JIL5201,,083.00
H60A,Martyn Roome,3010901,,085.35
H60A,Vít Jelínek,TZL5102,,093.00
H60A,Milan Rejmont,LTU4801,,093.17
H60A,Gabriel Maiorescu,2460689,,095.28
H60A,Ted Finch,2710751,,097.18
H60A,Miroslav Horáček,VLI5000,,105.59
H60A,Tomáš Štregl,VRL5001,,108.23
H60A,Jaroslav Farář,VRL5002,,114.45
H60A,Karel Novák,NPA5001,,116.50
H60B,Hubert Lukaseder,2270700,,044.00
H60B,Ladislav Blecha,FJI5106,,087.53
H60B,Oldřich Denemarek,BBM5100,,099.59
H60B,Medard Féder,1630431,,178.56
H65A,Jaromír Pospíšil,PZR4417,,036.55
H65A,Jiří Švadlena,CHC4601,,056.21
H65A,Rudolf Hrobař,SRK4702,,056.55
H65A,Hans Christian Strib,3931025,,057.16
H65A,Jaromír Buriánek,SCP4700,,058.48
H65A,Miroslav Sikora,BOV4802,,076.16
H65A,Zdeněk Zlesák,JIL4701,,083.07
H65A,Jiří Pospíšil,TUV4701,,090.32
H65B,Josef Paul,DCE4401,,071.39
H65B,Pavel Kříž,PZR4800,,082.25
H70B,Ľudovít Šmelík,1240287,,036.38
H70B,Jaroslav Havlík,SJC3601,,051.14
H70B,Josef Ostřanský,SSU4302,,057.59
H70B,Jan Sklenář,MLA4201,,063.05
H70B,Václav Zakouřil,TUV4301,,076.54
H70B,Herbert Diener,MOV4101,,083.24
H70B,Ivan Gřunděl,SJH4201,,084.41
D10N,Zuzana Féderová,1630429,,020.07
D10N,Magdaléna Chrástová,STH0551,,035.22
D10N,Vaiva Budriunaite,1550395,,046.22
D10N,Anna Kubcová,DOB0550,,092.16
D10N,Michaela Benešová,SJH0651,,092.21
D10N,Kateřina Kubičková,SJH0652,,096.49
D10N,Amálie Evelína Kučerová,PHK0651,,107.25
D10C,Bára Pušová,LPU0357,,024.57
D10C,Cecilia Hector,3330906,,027.15
D10C,Helena Hankovcová,KAM0350,,039.47
D10C,Veronika Arnoštová,DOR0455,,040.22
D10C,Adéla Binarová,UOL0452,,049.26
D10C,Kristýna Kubičková,SJH0452,,074.00
D10C,Jindra Komárková,SJH0453,,091.39
D12A,Anna Kochová,SJC0153,,026.24
D12A,Tereza Kosová,SRK0151,,035.07
D12A,Tereza Chrástová,STH0251,,054.25
D12A,Veronika Šklíbová,SRK0153,,059.22
D12A,Evangelina Diaksova,2280641,,062.26
D12A,Karin Sanna,DKP0250,,073.32
D12A,Tamara Miklušová,1240286,,082.10
D12A,Dorota Šmelíková,1240291,,091.22
D12A,Eliška Mašatová,PHK0251,,100.00
D12B,Lucie Linková,TUR0251,,020.20
D12B,Lucie Korpasová,LBM0151,,023.30
D12B,Lenka Šritrová,TUV0252,,031.27
D12B,Alžbeta Dubovská,1630834,,038.51
D12B,Lucie Francová,LPU0152,,053.20
D12B,Adéla Zlesáková,CHT0151,,069.38
D12B,Barbora Kůstková,VIC0259,,084.11
D14A,Andreya Diaksova,2280642,,027.51
D14A,Anna Kopecká,LPU9958,,034.48
D14A,Zuzana Matějková,LTP0153,,041.32
D14A,Lotta Eerola,3200878,,043.21
D14A,Jana Peterová,DOB0051,,043.24
D14A,Dagmar Biersaková,KRL0051,,043.27
D14A,Martina Waňková,VRL9951,,043.49
D14A,Klára Odehnalová,ABM9956,,043.51
D14A,Natálie Jezdinská,STH9954,,046.38
D14A,Kateřina Grycová,TBMTBM0,,046.44
D14A,Ella Skog,2150586,,046.45
D14A,Pia Ocvirk,450096,,055.53
D14A,Šárka Rückerová,HOR0050,,056.00
D14A,Markéta Urbanová,STH9953,,056.03
D14A,Magdaléna Hrabošová,ASU0099,,057.52
D14A,Anna Lueger,2270635,,062.06
D14A,Lucie Kundratová,JZL0051,,062.38
D14A,Lucie Poloprutská,VLI9950,,065.59
D14A,Tereza Filipová,SRK0050,,076.13
D14A,Kateřina Kubíčková,VAM9951,,080.52
D14A,Jana Křečková,ZPV9999,,086.12
D14A,Frida Hector,3330907,,091.40
D14A,Elitsa Atanasova,980236,,097.20
D14A,Laura Sladek,2271039,,098.19
D14A,Agnes Scheikl,3831001,,098.19
D14A,Magda Standhartinger,2270638,,118.32
D14B,Marie Vyhnálková,MFP0151,,024.11
D14B,Markéta Thořová,TUV9952,,031.24
D14B,Lenka Hanáková,KRL9951,,048.37
D14B,Nela Kyselová,ROU9951,,062.50
D14B,Anna Pohořalá,ROU9954,,073.11
D16A,Tereza Nováková,DKP9751,,038.56
D16A,Agne Juodagalvyte,1550401,,042.14
D16A,Tereza Odehnalová,ABM9757,,050.49
D16A,Kateřina Argalášová,TRI9750,,050.56
D16A,Jana Tesařová,TRI9751,,051.10
D16A,Julia Bonat,810184,,053.16
D16A,Kaste Rutkauskaite,1550393,,054.42
D16A,Tereza Šmelíková,1240290,,054.44
D16A,Daniela Kůstková,VIC9898,,055.15
D16A,Alena Linková,TUR9751,,055.35
D16A,Hana Horvátová,ASU9797,,059.07
D16A,Veronika Grycová,TBMTBM9,,068.10
D16A,Tereza Fenclová,LPU9752,,069.16
D16A,Aleksandra Filipowska,1440762,,069.49
D16A,Silva Slavíková,PGP9751,,069.54
D16A,Tereza Miklušová,1240285,,076.27
D16A,Paulina Tschierschke,STB9850,,076.49
D16A,Francesca de Nardis,3290898,,077.00
D16A,Hannah Kalcher,2270983,,080.53
D16A,Hanka Fukalová,AOV9850,,082.43
D16A,Asha Steer,2760769,,083.43
D16A,Anna Giovanelli,3290897,,101.55
D16A,Hannah Hoffmann,2270982,,105.32
D16A,Sara Fend,2270980,,114.01
D16A,Tereza Schenková,1240299,,144.20
D16A,Jana Liberdová,TRI9852,,160.13
D16A,Steph Harding,910215,,166.41
D16B,Tereza Soldánová,JPV9899,,039.21
D16B,Klára Poloprutská,VLI9750,,052.43
D16B,Sabina Pilcová,JPV9898,,058.08
D16B,Tereza Korpasová,LBM9898,,061.02
D16B,Barbora Balcarová,LLI9751,,070.48
D16B,Amálie Repiská,MFP9851,,112.56
D16B,Anna Maria Antonowicz,850196,,130.36
D18A,Anna Štičková,LLI9651,,036.10
D18A,Simona Chládková,LPU9658,,048.43
D18A,Gabriela Hiršová,VBM9651,,053.01
D18A,Petra Hančová,VRL9652,,057.17
D18A,Zuzana Kožinová,PGP9650,,061.23
D18A,Sigrid Pedersli,NOR,,061.44
D18A,Magda Hanáková,KRL9651,,073.40
D18A,Aneta Białkowska,1440763,,080.54
D18A,Zuzana Petrasová,VAM9653,,080.55
D18A,Angelika Haniszewska,STB9599,,085.15
D18A,Lucie Hoidekrová,LLI9552,,097.09
D18A,Anna Šňupárková,DKP9652,,097.14
D18A,Tereza Koderičová,LTU9651,,097.15
D18A,Kateřina Doleželová,LPU9558,,097.16
D18A,Marie Procházková,SOP9551,,097.19
D18A,Agnieszka Banaś,1440761,,109.46
D18A,Bára Kubičková,SJH9551,,109.51
D18A,Orsolya Dénes,2770773,,113.57
D18A,Lucy Fleming,2580804,,130.15
D20A,Nikola Kochová,TUR9358,,044.13
D20A,Jana Benešová,SJH9451,,062.27
D20A,Anna Kožinová,PGP9350,,069.17
D20A,Michaela Šrámková,SJH9352,,081.41
D20A,Nathanaëlle Gerbeaux,3380986,,086.56
D20A,Izabela Kasza,2080554,,093.40
D20A,Tsvetomila Kadieva,980237,,175.04
D21E,Martina Zvěřinová,LPU8357,,048.45
D21E,Kristýna Kovářová,DKP8450,,059.46
D21E,Michaela Przyczková,LPU8499,,066.09
D21E,Marta Fenclová,LPU7667,,075.43
D21E,Zuzka Kubátová,NPA9151,,075.52
D21E,Lucie Krafková,TUR8650,,082.31
D21E,Irina Maiorescu,990250,,101.07
D21E,Ekaterina Minakova,3650964,,124.35
D21E,Kinga Gorska,2080555,,136.38
D21E,Johanka Šimková,UOL9355,,149.45
D21A,Lucie Janatová,DKP8154,,048.04
D21A,Kateřina Kašková,CHA7850,,052.38
D21A,Lenka Kociánová,VBM8553,,068.54
D21A,Monika Šmidrkalová,NPA9051,,074.38
D21A,Camille Rauturier,3380918,,081.46
D21A,Věra Peterová,DOB8751,,087.14
D21A,Marie Hančová,SNA8255,,103.04
D21A,Monika Píšová,NPA8151,,111.44
D21A,Malwina Wysocka,2080556,,113.10
D21A,Kjersti Westin,PGP9255,,113.41
D21A,Kristýna Čermáková,PGP9154,,117.47
D21A,Radka Doležalová,VRL9252,,126.28
D21A,Magdaléna Choutková,SOB8851,,127.25
D21A,Šárka Kašparová,AOP7251,,129.43
D21A,Markéta Poloprutská,TUR9252,,133.07
D21A,Jana Šenkýřová,TUR8652,,138.17
D21A,Lenka Jablonovská,ZBM9063,,139.38
D21B,Renata Michálková,LCE8151,,051.20
D21B,Kristýna Skyvová,STE7054,,052.44
D21B,Tereza Přecechtělová,DOB8971,,066.29
D21B,Diána Bertóti,2810795,,069.10
D21B,Kamila Zakouřilová,TUV8556,,078.44
D21B,Reda Velde,1550396,,079.18
D21B,Romana Kučerková,STB8196,,079.35
D21B,Anna Filaber,850558,,088.04
D21B,Zuzana Vejstrková,CHA8852,,091.14
D21B,Barbora Černíková,DOB7878,,093.07
D21B,Anna Záveská,DOB8851,,106.35
D21B,Lucie Alblová,LME7555,,113.25
D21B,Zuzana Klimplová,LPU8151,,115.20
D21B,Kamila Mesiarkinová,MBM8282,,120.09
D21B,Anna Dusza,850204,,151.46
D21B,Joanna Puternicka,1900518,,160.09
D21C,Radka Zitková,LPU7958,,050.25
D21C,Nataša Richterová,ADA7451,,056.08
D21C,Kateřina Maděryčová,SJH7951,,089.20
D21C,Hanna Winkler,LPM8051,,095.11
D21C,Eva Rydlová,FSP8989,,099.21
D21C,Daniela Pěluchová,CHC8851,,128.15
D35A,Anna Gornicka-Antonowic,850197,,042.57
D35A,Lyudmila Gotseva,980281,,062.07
D35A,Jana Škorpilová,SJC7451,,079.17
D35A,Pavla Vildmonová,LBE7451,,095.00
D35A,Petra Janovská,PGP7355,,099.43
D35A,Kateřina Arnoštová,VSP7652,,110.02
D35A,Mariyana Atanasova,980238,,116.35
D35B,Ivana Korpasová,LBM7362,,050.19
D35B,Barbora Šmelíková,1360353,,052.46
D35B,Jana Rydlová,VIC7752,,057.31
D35B,Katarína Schenková,1240298,,068.24
D35B,Martina Kubičková,SJH7752,,130.39
D35B,Lenka Komárková,TJH7651,,140.40
D35B,Katja Kinnunen,VPO7451,,141.21
D40A,Eva Horčičková,UOL7051,,044.59
D40A,Jana Kožinová,PGP6651,,075.49
D40A,Ivana Kašparová,SSU6951,,083.20
D40A,Zuzana Škvorová,KAM7350,,088.47
D40A,Jana Kundratová,JZL7351,,088.48
D40A,Marcela Hiršová,VBM7079,,096.45
D40A,Iva Kaplanová,LPU6859,,106.11
D40A,Hana Šmelíková,ASU6999,,110.45
D40A,Jana Sedláčková,HLV7060,,123.16
D40A,Jitka Demlová,LPU6955,,144.43
D40A,Lenka Hankovcová,KAM7053,,148.43
D40A,Lenka Hrušková,YBM6251,,150.57
D40A,Radmila Fukalová,AOV7051,,159.32
D40A,Lenka Westin,2050547,,161.29
D40B,Iva Linková,TUR6850,,048.55
D40B,Jana Eichlerová,KAS7051,,054.51
D40B,Kamila Odehnalová,ABM7052,,089.49
D40B,Dagmar Miklušová,1240284,,113.40
D40B,Marie Kašparová,ZAK7250,,117.39
D45A,Carina Sandberg,2920824,,046.07
D45A,Lada Jemelíková,VBM6555,,046.21
D45A,Silvia Schneider-Schies,3070849,,046.22
D45A,Riikka Eerola,3200879,,049.15
D45A,Hlavová Miroslava,KON6389,,051.48
D45A,Michaela Kosová,SRK6752,,065.32
D45A,Iveta Ostřanská,SSU6591,,069.33
D45A,Iva Knapová,LPU6052,,072.27
D45A,Jana Smelikova,800177,,092.10
D45A,Pavla Mrázová,DCE5550,,095.03
D45A,Jana Tichá,TJH6451,,105.24
D45A,Karen Blatchford,2630732,,117.16
D45A,Hana Šimková,UOL6653,,119.52
D45A,Lenka Kettnerová,HCE6450,,124.14
D45A,Petya Dimitroba,980245,,126.12
D45A,Lenka Dittrichova,KON6285,,132.43
D45A,Elvina Ivanova,980242,,144.25
D45B,Vladimíra Kučerová,CHT6460,,054.42
D45B,Dana Julínková,LPU6555,,061.27
D45B,Jitka Fajkusová,JPV6773,,080.06
D45B,May Toril Moen,NOR,,080.49
D45B,Snejana Kadieva,980244,,085.20
D45B,Iveta Veverková,VAM6452,,101.23
D45B,Soňa Mazúrová,1240294,,108.57
D45B,Irena Peřinková,BBM6550,,117.28
D45B,Lenka Svobodová,ROU6650,,131.17
D45B,Janine Steer,2760768,,146.36
D45B,Karolína Pohořalá,ROU6850,,161.47
D50A,Rönning Kjersti,3810989,,043.55
D50A,Caroline Moran,3450929,,086.24
D50A,Mirka Vlažná,LCE5852,,091.26
D50A,Sue Harding,3010836,,098.20
D50A,Toni Brown,2670743,,124.07
D50A,Eva Smičková,KON5887,,147.35
D50A,Jiřina Tichá,DOB6050,,194.23
D50B,Iva Syslová,TTR6151,,050.38
D50B,Jana Sklenářová,MLA6258,,101.12
D50B,Věra Petrová,VLI6251,,101.18
D50B,Pavla Vlčková,TYN6351,,104.58
D50B,Hannelore Schreiber,2270702,,139.54
D50B,Iva Kabrtova,PEN6350,,140.09
D55A,Alena Rosecká,PZR5654,,044.01
D55A,Ladislava Víchová,LPU5851,,044.15
D55A,Beata Vávrová,ASU5651,,100.49
D55A,Jiřina Novotná,LPU5654,,109.02
D55B,Eva Hušková,NPA5754,,054.27
D55B,Alena Klimplová,LPU5551,,085.18
D55B,Jana Nováková,NPA5552,,120.10
D55B,Dagmar Jelínková,TZL5757,,136.55
D60B,Eva Horynová,TZL5254,,044.37
D60B,Stanislava Horáčková,VLI4950,,072.58
D60B,Jiřina Kalibánová,NPA5351,,074.27
D60B,Marie Bartoňová,BOR5351,,095.01
D60B,Zdenka Křížová,PZR5051,,095.03
D60B,Vlasta Zlesáková,JIL5362,,110.48
D60B,Ivana Karmazínová,VLI5150,,120.14
D60B,Val Finch,2710752,,128.20
D65B,Marie Sikorová,BOV4852,,045.52
D65B,Stanislava Kutáčková,LTU4751,,084.47
D65B,Jaroslava Štrojsová,KAS4350,,123.03
D65B,Jarmila Lohrová,SCP4650,,130.53
